epoch,step,train_loss
0,49,2.3021483421325684
0,99,2.3028173446655273
0,149,2.298185348510742
0,199,2.3033900260925293
0,249,2.3064873218536377
0,299,2.2883903980255127
